show_id,show_date,month,region,country,city,event_type,capacity,tickets_sold,ticket_price,marketing_spend,fan_rating
WS0001,2026-01-04,Jan,Asia,Japan,Tokyo,Festival,20600,17590,80,14910,4.5
WS0002,2026-01-18,Jan,Asia,Japan,Tokyo,Stadium Show,42300,34010,101,0,
WS0003,2026-02-04,Feb,Asia,Japan,Tokyo,Stadium Show,46300,39640,96,0,
WS0004,2026-02-18,Feb,Asia,Japan,Tokyo,Festival,20000,15900,76,18351,4.8
WS0005,2026-03-04,Mar,Asia,Japan,Tokyo,Festival,19400,15830,77,0,4.8
WS0006,2026-03-18,Mar,Asia,Japan,Tokyo,Stadium Show,44400,35080,105,43519,4.6
WS0007,2026-04-04,Apr,Asia,Japan,Tokyo,Stadium Show,39200,33850,96,0,4.6
WS0008,2026-04-18,Apr,Asia,Japan,Tokyo,Festival,20400,14580,80,20111,
WS0009,2026-05-04,May,Asia,Japan,Tokyo,Festival,21300,18590,86,17344,4.8
WS0010,2026-05-18,May,Asia,Japan,Tokyo,Stadium Show,42800,38090,96,36921,4.8
WS0011,2026-06-04,Jun,Asia,Japan,Tokyo,Stadium Show,38500,32290,95,23930,4.4
WS0012,2026-06-18,Jun,Asia,Japan,Tokyo,Festival,21100,18420,79,11032,4.5
WS0013,2026-07-04,Jul,Asia,Japan,Tokyo,Festival,20600,17380,77,0,4.6
WS0014,2026-07-18,Jul,Asia,Japan,Tokyo,Stadium Show,46400,33850,96,0,
WS0015,2026-08-04,Aug,Asia,Japan,Tokyo,Stadium Show,46800,37080,94,0,4.4
WS0016,2026-08-18,Aug,Asia,Japan,Tokyo,Festival,22900,20580,84,21969,4.7
WS0017,2026-09-04,Sep,Asia,Japan,Tokyo,Festival,21000,15730,80,17583,4.3
WS0018,2026-09-18,Sep,Asia,Japan,Tokyo,Stadium Show,39500,31630,99,23684,4.4
WS0019,2026-10-04,Oct,Asia,Japan,Tokyo,Stadium Show,41800,34560,99,31199,4.7
WS0020,2026-10-18,Oct,Asia,Japan,Tokyo,Festival,20700,16890,88,0,4.6
WS0021,2026-11-04,Nov,Asia,Japan,Tokyo,Festival,21800,17510,81,12552,
WS0022,2026-11-18,Nov,Asia,Japan,Tokyo,Stadium Show,45300,35530,100,25483,4.5
WS0023,2026-12-04,Dec,Asia,Japan,Tokyo,Stadium Show,37200,27890,97,34806,4.7
WS0024,2026-12-18,Dec,Asia,Japan,Tokyo,Festival,21900,18130,77,12565,
WS0025,2026-01-05,Jan,Asia,South Korea,Seoul,Club Show,2800,2440,75,2277,4.8
WS0026,2026-01-19,Jan,Asia,South Korea,Seoul,Arena Show,12400,10600,88,10145,4.7
WS0027,2026-02-05,Feb,Asia,South Korea,Seoul,Arena Show,10700,9230,92,0,4.9
WS0028,2026-02-19,Feb,Asia,South Korea,Seoul,Club Show,2700,2350,73,2489,4.7
WS0029,2026-03-05,Mar,Asia,South Korea,Seoul,Club Show,3000,2950,67,2963,4.7
WS0030,2026-03-19,Mar,Asia,South Korea,Seoul,Arena Show,11100,10360,90,0,4.5
WS0031,2026-04-05,Apr,Asia,South Korea,Seoul,Arena Show,11000,10130,93,11471,4.3
WS0032,2026-04-19,Apr,Asia,South Korea,Seoul,Club Show,2600,2140,68,2413,4.5
WS0033,2026-05-05,May,Asia,South Korea,Seoul,Club Show,2600,2590,70,0,4.7
WS0034,2026-05-19,May,Asia,South Korea,Seoul,Arena Show,11200,10600,88,11075,4.5
WS0035,2026-06-05,Jun,Asia,South Korea,Seoul,Arena Show,10600,9770,92,8047,4.3
WS0036,2026-06-19,Jun,Asia,South Korea,Seoul,Club Show,2900,2760,68,1653,4.7
WS0037,2026-07-05,Jul,Asia,South Korea,Seoul,Club Show,2600,2440,64,2219,4.8
WS0038,2026-07-19,Jul,Asia,South Korea,Seoul,Arena Show,11900,10560,86,10857,4.6
WS0039,2026-08-05,Aug,Asia,South Korea,Seoul,Arena Show,12000,10060,87,11522,
WS0040,2026-08-19,Aug,Asia,South Korea,Seoul,Club Show,2800,2520,72,0,4.4
WS0041,2026-09-05,Sep,Asia,South Korea,Seoul,Club Show,3000,2510,73,0,4.6
WS0042,2026-09-19,Sep,Asia,South Korea,Seoul,Arena Show,13200,10860,90,7046,4.5
WS0043,2026-10-05,Oct,Asia,South Korea,Seoul,Arena Show,12100,11160,85,9296,4.7
WS0044,2026-10-19,Oct,Asia,South Korea,Seoul,Club Show,2500,2300,66,2423,4.8
WS0045,2026-11-05,Nov,Asia,South Korea,Seoul,Club Show,2600,2170,75,2265,4.5
WS0046,2026-11-19,Nov,Asia,South Korea,Seoul,Arena Show,11000,9810,95,9175,4.4
WS0047,2026-12-05,Dec,Asia,South Korea,Seoul,Arena Show,13300,11640,84,9452,4.5
WS0048,2026-12-19,Dec,Asia,South Korea,Seoul,Club Show,3100,2590,65,0,4.7
WS0049,2026-01-06,Jan,Asia,Singapore,Singapore,Stadium Show,42400,34820,102,0,
WS0050,2026-01-20,Jan,Asia,Singapore,Singapore,Festival,21300,16310,85,17046,4.8
WS0051,2026-02-06,Feb,Asia,Singapore,Singapore,Festival,23400,19230,80,15042,4.6
WS0052,2026-02-20,Feb,Asia,Singapore,Singapore,Stadium Show,47000,38280,106,23259,4.5
WS0053,2026-03-06,Mar,Asia,Singapore,Singapore,Stadium Show,41200,31840,99,22414,4.4
WS0054,2026-03-20,Mar,Asia,Singapore,Singapore,Festival,23700,19440,84,20818,
WS0055,2026-04-06,Apr,Asia,Singapore,Singapore,Festival,20700,16570,77,19708,4.5
WS0056,2026-04-20,Apr,Asia,Singapore,Singapore,Stadium Show,45400,36870,94,44198,4.9
WS0057,2026-05-06,May,Asia,Singapore,Singapore,Stadium Show,43700,39550,95,24999,4.2
WS0058,2026-05-20,May,Asia,Singapore,Singapore,Festival,21600,17880,88,11942,4.7
WS0059,2026-06-06,Jun,Asia,Singapore,Singapore,Festival,22700,19170,88,21662,
WS0060,2026-06-20,Jun,Asia,Singapore,Singapore,Stadium Show,43900,33790,96,35262,
WS0061,2026-07-06,Jul,Asia,Singapore,Singapore,Stadium Show,39400,34130,102,18643,4.5
WS0062,2026-07-20,Jul,Asia,Singapore,Singapore,Festival,23800,17100,85,17767,4.2
WS0063,2026-08-06,Aug,Asia,Singapore,Singapore,Festival,24200,22000,86,20900,4.7
WS0064,2026-08-20,Aug,Asia,Singapore,Singapore,Stadium Show,42000,37620,100,26504,4.6
WS0065,2026-09-06,Sep,Asia,Singapore,Singapore,Stadium Show,45700,35100,106,0,
WS0066,2026-09-20,Sep,Asia,Singapore,Singapore,Festival,21500,17450,85,16555,4.8
WS0067,2026-10-06,Oct,Asia,Singapore,Singapore,Festival,19800,15390,78,19678,4.4
WS0068,2026-10-20,Oct,Asia,Singapore,Singapore,Stadium Show,44100,34750,102,0,4.7
WS0069,2026-11-06,Nov,Asia,Singapore,Singapore,Stadium Show,38600,32910,94,35748,4.9
WS0070,2026-11-20,Nov,Asia,Singapore,Singapore,Festival,20700,15920,83,20732,4.6
WS0071,2026-12-06,Dec,Asia,Singapore,Singapore,Festival,22400,19290,79,16480,4.6
WS0072,2026-12-20,Dec,Asia,Singapore,Singapore,Stadium Show,42700,33240,95,19473,4.7
WS0073,2026-01-07,Jan,Asia,Thailand,Bangkok,Arena Show,12400,10880,88,10898,4.5
WS0074,2026-01-21,Jan,Asia,Thailand,Bangkok,Club Show,2800,2220,76,1544,4.7
WS0075,2026-02-07,Feb,Asia,Thailand,Bangkok,Club Show,2800,2280,67,1483,
WS0076,2026-02-21,Feb,Asia,Thailand,Bangkok,Arena Show,11800,10430,93,6260,4.7
WS0077,2026-03-07,Mar,Asia,Thailand,Bangkok,Arena Show,12200,9060,90,0,4.4
WS0078,2026-03-21,Mar,Asia,Thailand,Bangkok,Club Show,2700,2270,68,1342,4.6
WS0079,2026-04-07,Apr,Asia,Thailand,Bangkok,Club Show,2800,2310,66,1525,4.5
WS0080,2026-04-21,Apr,Asia,Thailand,Bangkok,Arena Show,12700,10730,96,11654,4.7
WS0081,2026-05-07,May,Asia,Thailand,Bangkok,Arena Show,10900,9890,93,10050,4.7
WS0082,2026-05-21,May,Asia,Thailand,Bangkok,Club Show,2500,2290,71,0,4.7
WS0083,2026-06-07,Jun,Asia,Thailand,Bangkok,Club Show,3100,2820,64,2367,4.7
WS0084,2026-06-21,Jun,Asia,Thailand,Bangkok,Arena Show,13000,12250,95,9119,4.6
WS0085,2026-07-07,Jul,Asia,Thailand,Bangkok,Arena Show,11500,10690,85,6942,
WS0086,2026-07-21,Jul,Asia,Thailand,Bangkok,Club Show,3000,2800,66,2410,4.7
WS0087,2026-08-07,Aug,Asia,Thailand,Bangkok,Club Show,3000,2840,67,2774,4.5
WS0088,2026-08-21,Aug,Asia,Thailand,Bangkok,Arena Show,12300,10280,95,9899,
WS0089,2026-09-07,Sep,Asia,Thailand,Bangkok,Arena Show,11700,11410,88,6176,4.5
WS0090,2026-09-21,Sep,Asia,Thailand,Bangkok,Club Show,2500,1940,74,2101,4.5
WS0091,2026-10-07,Oct,Asia,Thailand,Bangkok,Club Show,3100,2570,76,3250,4.6
WS0092,2026-10-21,Oct,Asia,Thailand,Bangkok,Arena Show,12900,11050,96,11968,4.5
WS0093,2026-11-07,Nov,Asia,Thailand,Bangkok,Arena Show,10800,9840,86,10019,4.7
WS0094,2026-11-21,Nov,Asia,Thailand,Bangkok,Club Show,2700,2450,73,0,4.7
WS0095,2026-12-07,Dec,Asia,Thailand,Bangkok,Club Show,2600,2320,68,1851,4.6
WS0096,2026-12-21,Dec,Asia,Thailand,Bangkok,Arena Show,13400,11780,92,6924,4.6
WS0097,2026-01-08,Jan,Asia,India,Mumbai,Festival,20800,17010,83,21836,4.5
WS0098,2026-01-22,Jan,Asia,India,Mumbai,Stadium Show,39800,31750,103,34254,4.7
WS0099,2026-02-08,Feb,Asia,India,Mumbai,Stadium Show,42200,31080,103,27877,4.5
WS0100,2026-02-22,Feb,Asia,India,Mumbai,Festival,20800,17840,88,12956,4.7
WS0101,2026-03-08,Mar,Asia,India,Mumbai,Festival,23200,18550,81,18327,4.5
WS0102,2026-03-22,Mar,Asia,India,Mumbai,Stadium Show,43100,34700,96,0,4.4
WS0103,2026-04-08,Apr,Asia,India,Mumbai,Stadium Show,44300,37250,100,0,
WS0104,2026-04-22,Apr,Asia,India,Mumbai,Festival,23900,21100,80,0,4.4
WS0105,2026-05-08,May,Asia,India,Mumbai,Festival,24500,19880,80,0,4.3
WS0106,2026-05-22,May,Asia,India,Mumbai,Stadium Show,45200,41290,94,24327,4.8
WS0107,2026-06-08,Jun,Asia,India,Mumbai,Stadium Show,44000,35350,106,0,4.4
WS0108,2026-06-22,Jun,Asia,India,Mumbai,Festival,21900,18360,88,9984,4.8
WS0109,2026-07-08,Jul,Asia,India,Mumbai,Festival,19500,17340,78,15928,5.0
WS0110,2026-07-22,Jul,Asia,India,Mumbai,Stadium Show,38000,30860,97,0,4.5
WS0111,2026-08-08,Aug,Asia,India,Mumbai,Stadium Show,46500,39750,97,26492,4.5
WS0112,2026-08-22,Aug,Asia,India,Mumbai,Festival,24200,22120,82,18179,
WS0113,2026-09-08,Sep,Asia,India,Mumbai,Festival,24100,19540,80,15235,4.6
WS0114,2026-09-22,Sep,Asia,India,Mumbai,Stadium Show,44400,30160,105,0,4.2
WS0115,2026-10-08,Oct,Asia,India,Mumbai,Stadium Show,44900,35180,104,30323,4.2
WS0116,2026-10-22,Oct,Asia,India,Mumbai,Festival,23200,20920,78,0,4.7
WS0117,2026-11-08,Nov,Asia,India,Mumbai,Festival,24000,23130,86,0,4.5
WS0118,2026-11-22,Nov,Asia,India,Mumbai,Stadium Show,41100,31850,99,0,4.5
WS0119,2026-12-08,Dec,Asia,India,Mumbai,Stadium Show,40400,31120,102,0,
WS0120,2026-12-22,Dec,Asia,India,Mumbai,Festival,21700,19380,81,13676,
WS0121,2026-01-04,Jan,Europe,France,Paris,Festival,29000,22140,106,26670,4.4
WS0122,2026-01-18,Jan,Europe,France,Paris,Stadium Show,54600,42540,119,45124,4.5
WS0123,2026-02-04,Feb,Europe,France,Paris,Stadium Show,56300,41100,117,42839,
WS0124,2026-02-18,Feb,Europe,France,Paris,Festival,30800,21880,100,16733,4.2
WS0125,2026-03-04,Mar,Europe,France,Paris,Festival,25400,20520,97,12630,4.3
WS0126,2026-03-18,Mar,Europe,France,Paris,Stadium Show,58500,36700,120,0,4.1
WS0127,2026-04-04,Apr,Europe,France,Paris,Stadium Show,49800,35740,126,27539,4.4
WS0128,2026-04-18,Apr,Europe,France,Paris,Festival,26800,20080,96,20893,
WS0129,2026-05-04,May,Europe,France,Paris,Festival,30600,24650,102,21523,4.3
WS0130,2026-05-18,May,Europe,France,Paris,Stadium Show,58900,47290,120,44706,4.5
WS0131,2026-06-04,Jun,Europe,France,Paris,Stadium Show,54100,35450,124,31429,4.2
WS0132,2026-06-18,Jun,Europe,France,Paris,Festival,30100,21790,104,23224,4.1
WS0133,2026-07-04,Jul,Europe,France,Paris,Festival,25500,18540,98,18477,4.5
WS0134,2026-07-18,Jul,Europe,France,Paris,Stadium Show,52600,41880,120,0,4.3
WS0135,2026-08-04,Aug,Europe,France,Paris,Stadium Show,58500,44660,122,50327,4.4
WS0136,2026-08-18,Aug,Europe,France,Paris,Festival,30700,24590,108,22819,4.5
WS0137,2026-09-04,Sep,Europe,France,Paris,Festival,26300,18530,107,27519,4.3
WS0138,2026-09-18,Sep,Europe,France,Paris,Stadium Show,57700,38790,116,55023,4.5
WS0139,2026-10-04,Oct,Europe,France,Paris,Stadium Show,55500,38460,123,34741,4.4
WS0140,2026-10-18,Oct,Europe,France,Paris,Festival,29400,21570,106,24070,4.3
WS0141,2026-11-04,Nov,Europe,France,Paris,Festival,29900,21620,97,13830,4.4
WS0142,2026-11-18,Nov,Europe,France,Paris,Stadium Show,56100,39340,120,35567,4.0
WS0143,2026-12-04,Dec,Europe,France,Paris,Stadium Show,59700,44640,120,28773,4.3
WS0144,2026-12-18,Dec,Europe,France,Paris,Festival,28800,18210,99,14045,4.1
WS0145,2026-01-05,Jan,Europe,United Kingdom,London,Club Show,3300,2530,96,0,
WS0146,2026-01-19,Jan,Europe,United Kingdom,London,Arena Show,17000,12270,110,16235,4.4
WS0147,2026-02-05,Feb,Europe,United Kingdom,London,Arena Show,16500,11610,115,10065,4.3
WS0148,2026-02-19,Feb,Europe,United Kingdom,London,Club Show,3400,2350,93,3495,4.3
WS0149,2026-03-05,Mar,Europe,United Kingdom,London,Club Show,3300,2670,92,1982,
WS0150,2026-03-19,Mar,Europe,United Kingdom,London,Arena Show,15000,11290,113,15047,4.6
WS0151,2026-04-05,Apr,Europe,United Kingdom,London,Arena Show,14900,11590,106,0,
WS0152,2026-04-19,Apr,Europe,United Kingdom,London,Club Show,3400,2620,87,2798,4.4
WS0153,2026-05-05,May,Europe,United Kingdom,London,Club Show,3700,3110,89,3787,4.7
WS0154,2026-05-19,May,Europe,United Kingdom,London,Arena Show,16000,13480,112,8338,4.6
WS0155,2026-06-05,Jun,Europe,United Kingdom,London,Arena Show,17200,15180,105,11231,4.5
WS0156,2026-06-19,Jun,Europe,United Kingdom,London,Club Show,3900,3430,91,0,4.8
WS0157,2026-07-05,Jul,Europe,United Kingdom,London,Club Show,3200,2670,92,2641,4.7
WS0158,2026-07-19,Jul,Europe,United Kingdom,London,Arena Show,15900,13030,105,15478,4.5
WS0159,2026-08-05,Aug,Europe,United Kingdom,London,Arena Show,14300,11180,108,8734,4.5
WS0160,2026-08-19,Aug,Europe,United Kingdom,London,Club Show,3800,2920,86,0,4.6
WS0161,2026-09-05,Sep,Europe,United Kingdom,London,Club Show,4000,3150,86,2138,4.4
WS0162,2026-09-19,Sep,Europe,United Kingdom,London,Arena Show,16500,12040,105,0,4.5
WS0163,2026-10-05,Oct,Europe,United Kingdom,London,Arena Show,14100,11370,104,0,
WS0164,2026-10-19,Oct,Europe,United Kingdom,London,Club Show,3700,2570,87,2368,4.5
WS0165,2026-11-05,Nov,Europe,United Kingdom,London,Club Show,3400,2670,86,2386,4.5
WS0166,2026-11-19,Nov,Europe,United Kingdom,London,Arena Show,17400,13750,108,10301,
WS0167,2026-12-05,Dec,Europe,United Kingdom,London,Arena Show,16100,12730,114,0,4.7
WS0168,2026-12-19,Dec,Europe,United Kingdom,London,Club Show,4100,3220,93,4214,4.4
WS0169,2026-01-06,Jan,Europe,Germany,Berlin,Stadium Show,60200,41880,118,0,4.3
WS0170,2026-01-20,Jan,Europe,Germany,Berlin,Festival,29000,20080,96,23954,4.5
WS0171,2026-02-06,Feb,Europe,Germany,Berlin,Festival,26200,18920,108,21322,4.4
WS0172,2026-02-20,Feb,Europe,Germany,Berlin,Stadium Show,52400,35280,114,47741,4.0
WS0173,2026-03-06,Mar,Europe,Germany,Berlin,Stadium Show,59500,48220,125,49712,5.0
WS0174,2026-03-20,Mar,Europe,Germany,Berlin,Festival,29900,21910,102,19204,4.5
WS0175,2026-04-06,Apr,Europe,Germany,Berlin,Festival,30300,21370,101,20808,4.3
WS0176,2026-04-20,Apr,Europe,Germany,Berlin,Stadium Show,49400,36750,114,38497,4.5
WS0177,2026-05-06,May,Europe,Germany,Berlin,Stadium Show,56700,37120,116,28820,4.4
WS0178,2026-05-20,May,Europe,Germany,Berlin,Festival,28900,21400,107,18454,4.7
WS0179,2026-06-06,Jun,Europe,Germany,Berlin,Festival,29000,22320,103,13943,4.4
WS0180,2026-06-20,Jun,Europe,Germany,Berlin,Stadium Show,49900,37030,117,25286,4.5
WS0181,2026-07-06,Jul,Europe,Germany,Berlin,Stadium Show,52800,41780,119,35137,4.6
WS0182,2026-07-20,Jul,Europe,Germany,Berlin,Festival,31200,23990,99,20517,4.5
WS0183,2026-08-06,Aug,Europe,Germany,Berlin,Festival,27200,19780,105,25121,4.2
WS0184,2026-08-20,Aug,Europe,Germany,Berlin,Stadium Show,61100,46070,115,0,4.4
WS0185,2026-09-06,Sep,Europe,Germany,Berlin,Stadium Show,52500,36580,125,48338,4.3
WS0186,2026-09-20,Sep,Europe,Germany,Berlin,Festival,27500,19520,106,26855,4.3
WS0187,2026-10-06,Oct,Europe,Germany,Berlin,Festival,25200,19580,105,16268,4.4
WS0188,2026-10-20,Oct,Europe,Germany,Berlin,Stadium Show,54600,40080,122,55562,4.3
WS0189,2026-11-06,Nov,Europe,Germany,Berlin,Stadium Show,54100,35440,115,29944,4.1
WS0190,2026-11-20,Nov,Europe,Germany,Berlin,Festival,30100,22230,107,21441,4.5
WS0191,2026-12-06,Dec,Europe,Germany,Berlin,Festival,26200,18420,102,16297,4.2
WS0192,2026-12-20,Dec,Europe,Germany,Berlin,Stadium Show,58700,37910,117,33242,4.7
WS0193,2026-01-07,Jan,Europe,Spain,Madrid,Arena Show,16500,12690,109,11078,
WS0194,2026-01-21,Jan,Europe,Spain,Madrid,Club Show,3400,2910,86,1795,4.3
WS0195,2026-02-07,Feb,Europe,Spain,Madrid,Club Show,4100,3140,87,2538,4.5
WS0196,2026-02-21,Feb,Europe,Spain,Madrid,Arena Show,13700,10450,113,0,4.4
WS0197,2026-03-07,Mar,Europe,Spain,Madrid,Arena Show,15800,11760,105,11823,4.3
WS0198,2026-03-21,Mar,Europe,Spain,Madrid,Club Show,3800,3060,88,3832,4.5
WS0199,2026-04-07,Apr,Europe,Spain,Madrid,Club Show,3600,3040,93,2094,4.4
WS0200,2026-04-21,Apr,Europe,Spain,Madrid,Arena Show,14000,11440,114,6666,
WS0201,2026-05-07,May,Europe,Spain,Madrid,Arena Show,16200,13320,109,10519,
WS0202,2026-05-21,May,Europe,Spain,Madrid,Club Show,3700,2990,86,2690,4.4
WS0203,2026-06-07,Jun,Europe,Spain,Madrid,Club Show,4000,3190,93,2797,4.4
WS0204,2026-06-21,Jun,Europe,Spain,Madrid,Arena Show,14200,10970,112,8773,
WS0205,2026-07-07,Jul,Europe,Spain,Madrid,Arena Show,15800,13370,110,13499,4.5
WS0206,2026-07-21,Jul,Europe,Spain,Madrid,Club Show,3700,3080,85,2405,4.3
WS0207,2026-08-07,Aug,Europe,Spain,Madrid,Club Show,3400,2950,95,1580,4.5
WS0208,2026-08-21,Aug,Europe,Spain,Madrid,Arena Show,16600,14320,113,11076,4.4
WS0209,2026-09-07,Sep,Europe,Spain,Madrid,Arena Show,15300,11690,113,13025,4.6
WS0210,2026-09-21,Sep,Europe,Spain,Madrid,Club Show,3400,2680,86,0,4.5
WS0211,2026-10-07,Oct,Europe,Spain,Madrid,Club Show,3900,2950,94,2706,4.6
WS0212,2026-10-21,Oct,Europe,Spain,Madrid,Arena Show,15800,12290,106,11327,4.5
WS0213,2026-11-07,Nov,Europe,Spain,Madrid,Arena Show,17300,14040,113,17324,4.7
WS0214,2026-11-21,Nov,Europe,Spain,Madrid,Club Show,3700,2910,85,0,4.5
WS0215,2026-12-07,Dec,Europe,Spain,Madrid,Club Show,3400,2540,91,3485,4.5
WS0216,2026-12-21,Dec,Europe,Spain,Madrid,Arena Show,16600,12740,113,16773,4.5
WS0217,2026-01-08,Jan,Europe,Italy,Milan,Festival,29100,23350,96,24307,
WS0218,2026-01-22,Jan,Europe,Italy,Milan,Stadium Show,56300,35570,118,57169,4.1
WS0219,2026-02-08,Feb,Europe,Italy,Milan,Stadium Show,54000,39580,120,0,
WS0220,2026-02-22,Feb,Europe,Italy,Milan,Festival,26700,21650,99,23944,4.6
WS0221,2026-03-08,Mar,Europe,Italy,Milan,Festival,29600,20740,106,13666,
WS0222,2026-03-22,Mar,Europe,Italy,Milan,Stadium Show,53800,39320,114,55184,4.4
WS0223,2026-04-08,Apr,Europe,Italy,Milan,Stadium Show,55600,38760,120,0,
WS0224,2026-04-22,Apr,Europe,Italy,Milan,Festival,25700,18180,103,14937,4.2
WS0225,2026-05-08,May,Europe,Italy,Milan,Festival,26100,19290,104,21941,4.3
WS0226,2026-05-22,May,Europe,Italy,Milan,Stadium Show,48400,36510,126,22118,4.3
WS0227,2026-06-08,Jun,Europe,Italy,Milan,Stadium Show,56300,41410,119,43477,4.2
WS0228,2026-06-22,Jun,Europe,Italy,Milan,Festival,29600,25380,96,18470,4.8
WS0229,2026-07-08,Jul,Europe,Italy,Milan,Festival,29000,21730,97,0,
WS0230,2026-07-22,Jul,Europe,Italy,Milan,Stadium Show,54900,41310,116,45853,4.4
WS0231,2026-08-08,Aug,Europe,Italy,Milan,Stadium Show,48100,37650,121,23255,4.5
WS0232,2026-08-22,Aug,Europe,Italy,Milan,Festival,29200,22240,104,22721,4.2
WS0233,2026-09-08,Sep,Europe,Italy,Milan,Festival,28600,21540,105,18635,4.4
WS0234,2026-09-22,Sep,Europe,Italy,Milan,Stadium Show,60500,37860,126,47594,
WS0235,2026-10-08,Oct,Europe,Italy,Milan,Stadium Show,60400,39550,118,61921,
WS0236,2026-10-22,Oct,Europe,Italy,Milan,Festival,26400,20360,103,14416,
WS0237,2026-11-08,Nov,Europe,Italy,Milan,Festival,30700,23320,106,0,4.4
WS0238,2026-11-22,Nov,Europe,Italy,Milan,Stadium Show,52600,32800,123,48839,4.5
WS0239,2026-12-08,Dec,Europe,Italy,Milan,Stadium Show,50000,37850,120,30796,4.1
WS0240,2026-12-22,Dec,Europe,Italy,Milan,Festival,25700,18270,108,0,4.3
WS0241,2026-01-04,Jan,America,United States,Los Angeles,Festival,20700,17800,74,14108,4.4
WS0242,2026-01-18,Jan,America,United States,Los Angeles,Stadium Show,47500,44180,89,32917,4.6
WS0243,2026-02-04,Feb,America,United States,Los Angeles,Stadium Show,44500,36480,89,37347,4.6
WS0244,2026-02-18,Feb,America,United States,Los Angeles,Festival,20700,19620,73,11304,4.6
WS0245,2026-03-04,Mar,America,United States,Los Angeles,Festival,20200,17940,70,9429,4.2
WS0246,2026-03-18,Mar,America,United States,Los Angeles,Stadium Show,41200,39980,88,20029,4.8
WS0247,2026-04-04,Apr,America,United States,Los Angeles,Stadium Show,40800,34220,88,40240,4.4
WS0248,2026-04-18,Apr,America,United States,Los Angeles,Festival,24500,21340,68,17941,4.4
WS0249,2026-05-04,May,America,United States,Los Angeles,Festival,20800,20400,80,18258,4.5
WS0250,2026-05-18,May,America,United States,Los Angeles,Stadium Show,40300,34220,98,0,
WS0251,2026-06-04,Jun,America,United States,Los Angeles,Stadium Show,45300,41970,95,0,4.7
WS0252,2026-06-18,Jun,America,United States,Los Angeles,Festival,21600,21490,68,18095,4.9
WS0253,2026-07-04,Jul,America,United States,Los Angeles,Festival,22800,22460,72,22234,5.0
WS0254,2026-07-18,Jul,America,United States,Los Angeles,Stadium Show,42600,40360,90,27297,4.8
WS0255,2026-08-04,Aug,America,United States,Los Angeles,Stadium Show,44500,41600,94,45875,4.7
WS0256,2026-08-18,Aug,America,United States,Los Angeles,Festival,21900,20980,75,21602,4.7
WS0257,2026-09-04,Sep,America,United States,Los Angeles,Festival,23600,22990,78,13164,4.7
WS0258,2026-09-18,Sep,America,United States,Los Angeles,Stadium Show,47800,38080,86,46491,4.3
WS0259,2026-10-04,Oct,America,United States,Los Angeles,Stadium Show,39600,34960,91,20513,4.7
WS0260,2026-10-18,Oct,America,United States,Los Angeles,Festival,24200,23340,76,21082,4.7
WS0261,2026-11-04,Nov,America,United States,Los Angeles,Festival,23200,21040,78,19463,4.7
WS0262,2026-11-18,Nov,America,United States,Los Angeles,Stadium Show,42400,37350,93,0,4.5
WS0263,2026-12-04,Dec,America,United States,Los Angeles,Stadium Show,38900,34890,86,20614,
WS0264,2026-12-18,Dec,America,United States,Los Angeles,Festival,21500,19130,78,9780,4.5
WS0265,2026-01-05,Jan,America,Mexico,Mexico City,Club Show,3000,2680,64,2208,4.7
WS0266,2026-01-19,Jan,America,Mexico,Mexico City,Arena Show,11400,9980,85,10741,4.7
WS0267,2026-02-05,Feb,America,Mexico,Mexico City,Arena Show,12100,11470,87,0,4.8
WS0268,2026-02-19,Feb,America,Mexico,Mexico City,Club Show,2700,2670,60,1406,4.9
WS0269,2026-03-05,Mar,America,Mexico,Mexico City,Club Show,3000,2980,59,2764,4.7
WS0270,2026-03-19,Mar,America,Mexico,Mexico City,Arena Show,12800,10920,78,0,4.7
WS0271,2026-04-05,Apr,America,Mexico,Mexico City,Arena Show,11400,10550,82,0,4.6
WS0272,2026-04-19,Apr,America,Mexico,Mexico City,Club Show,3000,2700,59,0,4.5
WS0273,2026-05-05,May,America,Mexico,Mexico City,Club Show,3100,2990,60,2905,4.9
WS0274,2026-05-19,May,America,Mexico,Mexico City,Arena Show,12900,12430,85,0,5.0
WS0275,2026-06-05,Jun,America,Mexico,Mexico City,Arena Show,11800,11670,88,10851,4.8
WS0276,2026-06-19,Jun,America,Mexico,Mexico City,Club Show,2700,2640,60,1942,4.8
WS0277,2026-07-05,Jul,America,Mexico,Mexico City,Club Show,2900,2890,63,2372,4.8
WS0278,2026-07-19,Jul,America,Mexico,Mexico City,Arena Show,11200,11140,86,5966,4.8
WS0279,2026-08-05,Aug,America,Mexico,Mexico City,Arena Show,11400,10690,76,0,4.8
WS0280,2026-08-19,Aug,America,Mexico,Mexico City,Club Show,3000,2910,62,0,4.8
WS0281,2026-09-05,Sep,America,Mexico,Mexico City,Club Show,3000,2980,60,0,4.7
WS0282,2026-09-19,Sep,America,Mexico,Mexico City,Arena Show,12500,11760,86,8490,4.8
WS0283,2026-10-05,Oct,America,Mexico,Mexico City,Arena Show,12600,10420,79,6428,4.6
WS0284,2026-10-19,Oct,America,Mexico,Mexico City,Club Show,2500,2490,68,2194,4.7
WS0285,2026-11-05,Nov,America,Mexico,Mexico City,Club Show,3000,2800,58,2168,4.8
WS0286,2026-11-19,Nov,America,Mexico,Mexico City,Arena Show,11400,10180,76,0,4.5
WS0287,2026-12-05,Dec,America,Mexico,Mexico City,Arena Show,12200,11560,87,11155,
WS0288,2026-12-19,Dec,America,Mexico,Mexico City,Club Show,2500,2400,66,1739,4.6
WS0289,2026-01-06,Jan,America,Brazil,Sao Paulo,Stadium Show,40900,34730,94,37856,4.5
WS0290,2026-01-20,Jan,America,Brazil,Sao Paulo,Festival,23600,22590,70,21245,4.6
WS0291,2026-02-06,Feb,America,Brazil,Sao Paulo,Festival,24500,21220,68,16701,
WS0292,2026-02-20,Feb,America,Brazil,Sao Paulo,Stadium Show,39500,34320,90,36309,4.9
WS0293,2026-03-06,Mar,America,Brazil,Sao Paulo,Stadium Show,43200,39820,94,34747,4.7
WS0294,2026-03-20,Mar,America,Brazil,Sao Paulo,Festival,21500,20060,72,14777,4.7
WS0295,2026-04-06,Apr,America,Brazil,Sao Paulo,Festival,23000,21240,73,0,
WS0296,2026-04-20,Apr,America,Brazil,Sao Paulo,Stadium Show,39200,32960,93,17812,4.5
WS0297,2026-05-06,May,America,Brazil,Sao Paulo,Stadium Show,46900,40070,93,35071,4.6
WS0298,2026-05-20,May,America,Brazil,Sao Paulo,Festival,24400,24280,74,0,4.9
WS0299,2026-06-06,Jun,America,Brazil,Sao Paulo,Festival,20600,18720,75,10728,
WS0300,2026-06-20,Jun,America,Brazil,Sao Paulo,Stadium Show,46100,43020,90,47420,
WS0301,2026-07-06,Jul,America,Brazil,Sao Paulo,Stadium Show,41100,38400,98,32709,4.4
WS0302,2026-07-20,Jul,America,Brazil,Sao Paulo,Festival,22400,21100,73,22352,4.3
WS0303,2026-08-06,Aug,America,Brazil,Sao Paulo,Festival,25000,24880,79,14759,4.7
WS0304,2026-08-20,Aug,America,Brazil,Sao Paulo,Stadium Show,44200,40320,87,45620,4.5
WS0305,2026-09-06,Sep,America,Brazil,Sao Paulo,Stadium Show,45300,38760,98,0,4.7
WS0306,2026-09-20,Sep,America,Brazil,Sao Paulo,Festival,20200,18620,73,14690,
WS0307,2026-10-06,Oct,America,Brazil,Sao Paulo,Festival,20100,18020,73,18880,4.6
WS0308,2026-10-20,Oct,America,Brazil,Sao Paulo,Stadium Show,46600,38460,86,32632,
WS0309,2026-11-06,Nov,America,Brazil,Sao Paulo,Stadium Show,41600,36770,98,19585,4.6
WS0310,2026-11-20,Nov,America,Brazil,Sao Paulo,Festival,21100,18620,77,0,4.4
WS0311,2026-12-06,Dec,America,Brazil,Sao Paulo,Festival,24200,21760,80,11829,4.8
WS0312,2026-12-20,Dec,America,Brazil,Sao Paulo,Stadium Show,40100,33980,92,0,4.6
WS0313,2026-01-07,Jan,America,Argentina,Buenos Aires,Arena Show,11800,10360,78,0,4.6
WS0314,2026-01-21,Jan,America,Argentina,Buenos Aires,Club Show,3000,2930,60,2694,4.5
WS0315,2026-02-07,Feb,America,Argentina,Buenos Aires,Club Show,2600,2400,60,2688,4.6
WS0316,2026-02-21,Feb,America,Argentina,Buenos Aires,Arena Show,11600,10260,81,12002,4.6
WS0317,2026-03-07,Mar,America,Argentina,Buenos Aires,Arena Show,11700,10750,85,6950,4.7
WS0318,2026-03-21,Mar,America,Argentina,Buenos Aires,Club Show,2900,2860,59,1962,4.8
WS0319,2026-04-07,Apr,America,Argentina,Buenos Aires,Club Show,3000,2870,59,1741,4.8
WS0320,2026-04-21,Apr,America,Argentina,Buenos Aires,Arena Show,10900,9960,85,10531,4.6
WS0321,2026-05-07,May,America,Argentina,Buenos Aires,Arena Show,13400,13010,79,13047,
WS0322,2026-05-21,May,America,Argentina,Buenos Aires,Club Show,2900,2890,62,1330,5.0
WS0323,2026-06-07,Jun,America,Argentina,Buenos Aires,Club Show,3100,3080,68,2434,4.9
WS0324,2026-06-21,Jun,America,Argentina,Buenos Aires,Arena Show,12800,12560,79,5938,4.4
WS0325,2026-07-07,Jul,America,Argentina,Buenos Aires,Arena Show,11100,10390,83,5949,4.7
WS0326,2026-07-21,Jul,America,Argentina,Buenos Aires,Club Show,2900,2890,63,2790,4.7
WS0327,2026-08-07,Aug,America,Argentina,Buenos Aires,Club Show,3100,3080,63,1933,
WS0328,2026-08-21,Aug,America,Argentina,Buenos Aires,Arena Show,12100,11930,78,12076,4.7
WS0329,2026-09-07,Sep,America,Argentina,Buenos Aires,Arena Show,13600,12930,83,8332,4.7
WS0330,2026-09-21,Sep,America,Argentina,Buenos Aires,Club Show,2800,2670,62,1739,4.8
WS0331,2026-10-07,Oct,America,Argentina,Buenos Aires,Club Show,2800,2570,58,0,4.4
WS0332,2026-10-21,Oct,America,Argentina,Buenos Aires,Arena Show,13600,12620,86,12845,
WS0333,2026-11-07,Nov,America,Argentina,Buenos Aires,Arena Show,11500,10940,77,7565,4.8
WS0334,2026-11-21,Nov,America,Argentina,Buenos Aires,Club Show,3100,3080,68,1458,4.9
WS0335,2026-12-07,Dec,America,Argentina,Buenos Aires,Club Show,3100,2900,61,2801,4.7
WS0336,2026-12-21,Dec,America,Argentina,Buenos Aires,Arena Show,13100,12540,79,9735,5.0
WS0337,2026-01-08,Jan,America,Colombia,Bogota,Festival,22600,20660,77,21540,4.3
WS0338,2026-01-22,Jan,America,Colombia,Bogota,Stadium Show,43200,35110,86,42103,4.8
WS0339,2026-02-08,Feb,America,Colombia,Bogota,Stadium Show,40600,34160,90,41287,4.3
WS0340,2026-02-22,Feb,America,Colombia,Bogota,Festival,23300,21250,73,10964,4.7
WS0341,2026-03-08,Mar,America,Colombia,Bogota,Festival,22500,19320,80,19164,4.7
WS0342,2026-03-22,Mar,America,Colombia,Bogota,Stadium Show,42800,37930,93,21394,4.5
WS0343,2026-04-08,Apr,America,Colombia,Bogota,Stadium Show,47300,40500,86,30281,4.5
WS0344,2026-04-22,Apr,America,Colombia,Bogota,Festival,19900,17900,68,12307,4.7
WS0345,2026-05-08,May,America,Colombia,Bogota,Festival,24100,23200,80,0,4.9
WS0346,2026-05-22,May,America,Colombia,Bogota,Stadium Show,46800,44630,92,0,4.7
WS0347,2026-06-08,Jun,America,Colombia,Bogota,Stadium Show,40000,36470,88,0,4.8
WS0348,2026-06-22,Jun,America,Colombia,Bogota,Festival,22900,20090,80,22210,4.6
WS0349,2026-07-08,Jul,America,Colombia,Bogota,Festival,21700,21590,71,20332,
WS0350,2026-07-22,Jul,America,Colombia,Bogota,Stadium Show,39100,35650,91,18152,4.6
WS0351,2026-08-08,Aug,America,Colombia,Bogota,Stadium Show,47200,40830,93,48165,4.6
WS0352,2026-08-22,Aug,America,Colombia,Bogota,Festival,24100,20970,76,19837,4.4
WS0353,2026-09-08,Sep,America,Colombia,Bogota,Festival,24700,20550,79,12956,4.3
WS0354,2026-09-22,Sep,America,Colombia,Bogota,Stadium Show,47500,45710,95,40903,
WS0355,2026-10-08,Oct,America,Colombia,Bogota,Stadium Show,40900,31820,93,30205,
WS0356,2026-10-22,Oct,America,Colombia,Bogota,Festival,24900,19890,75,22082,4.4
WS0357,2026-11-08,Nov,America,Colombia,Bogota,Festival,24800,22920,73,25072,4.6
WS0358,2026-11-22,Nov,America,Colombia,Bogota,Stadium Show,45000,37180,88,24174,
WS0359,2026-12-08,Dec,America,Colombia,Bogota,Stadium Show,47200,42660,94,42874,4.8
WS0360,2026-12-22,Dec,America,Colombia,Bogota,Festival,25100,24050,79,19585,4.9
WS0361,2026-01-04,Jan,Africa,Nigeria,Lagos,Festival,14200,11870,58,9276,4.3
WS0362,2026-01-18,Jan,Africa,Nigeria,Lagos,Stadium Show,28900,22110,70,22815,4.4
WS0363,2026-02-04,Feb,Africa,Nigeria,Lagos,Stadium Show,32100,26920,72,30044,4.5
WS0364,2026-02-18,Feb,Africa,Nigeria,Lagos,Festival,14500,11540,50,12849,4.3
WS0365,2026-03-04,Mar,Africa,Nigeria,Lagos,Festival,16600,12820,51,9507,4.4
WS0366,2026-03-18,Mar,Africa,Nigeria,Lagos,Stadium Show,29600,23760,74,22908,
WS0367,2026-04-04,Apr,Africa,Nigeria,Lagos,Stadium Show,27900,21060,78,0,4.4
WS0368,2026-04-18,Apr,Africa,Nigeria,Lagos,Festival,17000,12470,60,13795,4.2
WS0369,2026-05-04,May,Africa,Nigeria,Lagos,Festival,15900,13190,49,12793,
WS0370,2026-05-18,May,Africa,Nigeria,Lagos,Stadium Show,33100,22770,75,19623,
WS0371,2026-06-04,Jun,Africa,Nigeria,Lagos,Stadium Show,31800,24680,74,29732,4.4
WS0372,2026-06-18,Jun,Africa,Nigeria,Lagos,Festival,14400,12710,56,7512,4.7
WS0373,2026-07-04,Jul,Africa,Nigeria,Lagos,Festival,14600,11520,59,9277,4.7
WS0374,2026-07-18,Jul,Africa,Nigeria,Lagos,Stadium Show,27100,21040,78,28141,4.6
WS0375,2026-08-04,Aug,Africa,Nigeria,Lagos,Stadium Show,32500,28380,67,33929,4.8
WS0376,2026-08-18,Aug,Africa,Nigeria,Lagos,Festival,14300,11940,51,9563,4.4
WS0377,2026-09-04,Sep,Africa,Nigeria,Lagos,Festival,15400,10860,56,14173,4.3
WS0378,2026-09-18,Sep,Africa,Nigeria,Lagos,Stadium Show,32300,23320,76,27748,
WS0379,2026-10-04,Oct,Africa,Nigeria,Lagos,Stadium Show,28100,21880,71,27183,4.5
WS0380,2026-10-18,Oct,Africa,Nigeria,Lagos,Festival,17200,14010,56,0,4.5
WS0381,2026-11-04,Nov,Africa,Nigeria,Lagos,Festival,15300,11330,53,0,4.6
WS0382,2026-11-18,Nov,Africa,Nigeria,Lagos,Stadium Show,31200,20590,77,24779,4.2
WS0383,2026-12-04,Dec,Africa,Nigeria,Lagos,Stadium Show,30600,22640,68,16638,4.5
WS0384,2026-12-18,Dec,Africa,Nigeria,Lagos,Festival,15100,12450,56,0,4.8
WS0385,2026-01-05,Jan,Africa,South Africa,Johannesburg,Club Show,2200,1860,39,1537,4.4
WS0386,2026-01-19,Jan,Africa,South Africa,Johannesburg,Arena Show,8400,6960,64,6655,4.5
WS0387,2026-02-05,Feb,Africa,South Africa,Johannesburg,Arena Show,8200,6410,59,3775,
WS0388,2026-02-19,Feb,Africa,South Africa,Johannesburg,Club Show,2200,1830,42,0,4.3
WS0389,2026-03-05,Mar,Africa,South Africa,Johannesburg,Club Show,2100,1710,48,1414,4.6
WS0390,2026-03-19,Mar,Africa,South Africa,Johannesburg,Arena Show,9300,7600,63,9093,
WS0391,2026-04-05,Apr,Africa,South Africa,Johannesburg,Arena Show,7800,6250,68,4866,4.7
WS0392,2026-04-19,Apr,Africa,South Africa,Johannesburg,Club Show,1900,1660,45,0,4.5
WS0393,2026-05-05,May,Africa,South Africa,Johannesburg,Club Show,2200,2080,36,1933,4.9
WS0394,2026-05-19,May,Africa,South Africa,Johannesburg,Arena Show,8600,6210,62,8616,4.3
WS0395,2026-06-05,Jun,Africa,South Africa,Johannesburg,Arena Show,8000,6510,66,7049,4.2
WS0396,2026-06-19,Jun,Africa,South Africa,Johannesburg,Club Show,2200,2010,37,0,4.8
WS0397,2026-07-05,Jul,Africa,South Africa,Johannesburg,Club Show,1800,1590,39,883,4.6
WS0398,2026-07-19,Jul,Africa,South Africa,Johannesburg,Arena Show,8100,6770,59,6597,4.3
WS0399,2026-08-05,Aug,Africa,South Africa,Johannesburg,Arena Show,8700,7630,66,0,4.6
WS0400,2026-08-19,Aug,Africa,South Africa,Johannesburg,Club Show,1800,1640,39,0,4.8
WS0401,2026-09-05,Sep,Africa,South Africa,Johannesburg,Club Show,2200,1870,42,1792,4.3
WS0402,2026-09-19,Sep,Africa,South Africa,Johannesburg,Arena Show,7700,6060,56,5988,
WS0403,2026-10-05,Oct,Africa,South Africa,Johannesburg,Arena Show,8600,6800,62,5044,4.5
WS0404,2026-10-19,Oct,Africa,South Africa,Johannesburg,Club Show,1800,1620,47,855,4.8
WS0405,2026-11-05,Nov,Africa,South Africa,Johannesburg,Club Show,2000,1500,43,1051,4.5
WS0406,2026-11-19,Nov,Africa,South Africa,Johannesburg,Arena Show,9100,7290,62,4620,4.4
WS0407,2026-12-05,Dec,Africa,South Africa,Johannesburg,Arena Show,7700,6450,56,7073,
WS0408,2026-12-19,Dec,Africa,South Africa,Johannesburg,Club Show,2000,1800,44,1979,4.7
WS0409,2026-01-06,Jan,Africa,Kenya,Nairobi,Stadium Show,27200,19680,67,15609,4.3
WS0410,2026-01-20,Jan,Africa,Kenya,Nairobi,Festival,14500,11850,59,8162,
WS0411,2026-02-06,Feb,Africa,Kenya,Nairobi,Festival,16600,12850,58,10762,4.2
WS0412,2026-02-20,Feb,Africa,Kenya,Nairobi,Stadium Show,28300,19500,71,28515,4.4
WS0413,2026-03-06,Mar,Africa,Kenya,Nairobi,Stadium Show,30700,21540,77,18068,
WS0414,2026-03-20,Mar,Africa,Kenya,Nairobi,Festival,15500,12260,54,0,4.6
WS0415,2026-04-06,Apr,Africa,Kenya,Nairobi,Festival,14000,10860,56,9722,4.9
WS0416,2026-04-20,Apr,Africa,Kenya,Nairobi,Stadium Show,31800,24300,70,32491,4.4
WS0417,2026-05-06,May,Africa,Kenya,Nairobi,Stadium Show,30400,24620,76,24134,
WS0418,2026-05-20,May,Africa,Kenya,Nairobi,Festival,15600,12090,57,0,
WS0419,2026-06-06,Jun,Africa,Kenya,Nairobi,Festival,14500,12670,50,12165,
WS0420,2026-06-20,Jun,Africa,Kenya,Nairobi,Stadium Show,31500,22940,66,29025,4.5
WS0421,2026-07-06,Jul,Africa,Kenya,Nairobi,Stadium Show,33700,27930,67,0,4.9
WS0422,2026-07-20,Jul,Africa,Kenya,Nairobi,Festival,15400,11610,58,0,4.2
WS0423,2026-08-06,Aug,Africa,Kenya,Nairobi,Festival,14400,12090,57,8896,
WS0424,2026-08-20,Aug,Africa,Kenya,Nairobi,Stadium Show,32200,28980,78,15820,4.7
WS0425,2026-09-06,Sep,Africa,Kenya,Nairobi,Stadium Show,29800,22010,78,27136,
WS0426,2026-09-20,Sep,Africa,Kenya,Nairobi,Festival,14400,11170,58,0,4.1
WS0427,2026-10-06,Oct,Africa,Kenya,Nairobi,Festival,16600,13300,59,0,
WS0428,2026-10-20,Oct,Africa,Kenya,Nairobi,Stadium Show,30600,22660,68,0,4.6
WS0429,2026-11-06,Nov,Africa,Kenya,Nairobi,Stadium Show,30600,24620,75,18283,4.2
WS0430,2026-11-20,Nov,Africa,Kenya,Nairobi,Festival,16200,13780,53,15469,4.7
WS0431,2026-12-06,Dec,Africa,Kenya,Nairobi,Festival,14000,11040,51,10403,4.3
WS0432,2026-12-20,Dec,Africa,Kenya,Nairobi,Stadium Show,33900,25500,75,18064,4.4
WS0433,2026-01-07,Jan,Africa,Egypt,Cairo,Arena Show,9300,7240,65,0,4.2
WS0434,2026-01-21,Jan,Africa,Egypt,Cairo,Club Show,2000,1680,40,1649,4.5
WS0435,2026-02-07,Feb,Africa,Egypt,Cairo,Club Show,2100,1620,36,0,
WS0436,2026-02-21,Feb,Africa,Egypt,Cairo,Arena Show,8200,6360,66,6642,4.4
WS0437,2026-03-07,Mar,Africa,Egypt,Cairo,Arena Show,9400,7240,62,4251,4.5
WS0438,2026-03-21,Mar,Africa,Egypt,Cairo,Club Show,2200,1840,46,1600,4.6
WS0439,2026-04-07,Apr,Africa,Egypt,Cairo,Club Show,1900,1420,42,1421,
WS0440,2026-04-21,Apr,Africa,Egypt,Cairo,Arena Show,8800,7220,65,6285,
WS0441,2026-05-07,May,Africa,Egypt,Cairo,Arena Show,9400,8410,59,4762,4.7
WS0442,2026-05-21,May,Africa,Egypt,Cairo,Club Show,2200,1790,46,2070,
WS0443,2026-06-07,Jun,Africa,Egypt,Cairo,Club Show,2000,1820,44,910,4.6
WS0444,2026-06-21,Jun,Africa,Egypt,Cairo,Arena Show,8500,6960,64,5482,4.2
WS0445,2026-07-07,Jul,Africa,Egypt,Cairo,Arena Show,8200,7100,60,0,4.6
WS0446,2026-07-21,Jul,Africa,Egypt,Cairo,Club Show,2100,1860,46,1226,4.6
WS0447,2026-08-07,Aug,Africa,Egypt,Cairo,Club Show,2100,1840,39,2001,4.8
WS0448,2026-08-21,Aug,Africa,Egypt,Cairo,Arena Show,8000,6800,60,7865,4.5
WS0449,2026-09-07,Sep,Africa,Egypt,Cairo,Arena Show,8600,7150,66,5920,4.4
WS0450,2026-09-21,Sep,Africa,Egypt,Cairo,Club Show,1900,1530,40,1436,4.5
WS0451,2026-10-07,Oct,Africa,Egypt,Cairo,Club Show,2200,1760,45,1875,4.5
WS0452,2026-10-21,Oct,Africa,Egypt,Cairo,Arena Show,8000,7230,58,4074,4.5
WS0453,2026-11-07,Nov,Africa,Egypt,Cairo,Arena Show,7900,5970,63,7467,4.7
WS0454,2026-11-21,Nov,Africa,Egypt,Cairo,Club Show,1800,1590,39,0,4.9
WS0455,2026-12-07,Dec,Africa,Egypt,Cairo,Club Show,1800,1320,38,0,4.5
WS0456,2026-12-21,Dec,Africa,Egypt,Cairo,Arena Show,9600,8400,60,5922,4.6
WS0457,2026-01-08,Jan,Africa,Ghana,Accra,Festival,14100,11560,49,11441,4.6
WS0458,2026-01-22,Jan,Africa,Ghana,Accra,Stadium Show,31300,24510,67,20683,4.5
WS0459,2026-02-08,Feb,Africa,Ghana,Accra,Stadium Show,27900,20500,75,25785,4.4
WS0460,2026-02-22,Feb,Africa,Ghana,Accra,Festival,15700,11640,51,9532,4.3
WS0461,2026-03-08,Mar,Africa,Ghana,Accra,Festival,14300,10470,54,14246,4.2
WS0462,2026-03-22,Mar,Africa,Ghana,Accra,Stadium Show,30500,24060,69,14569,4.3
WS0463,2026-04-08,Apr,Africa,Ghana,Accra,Stadium Show,31100,24210,67,16067,4.6
WS0464,2026-04-22,Apr,Africa,Ghana,Accra,Festival,16800,12040,49,10421,4.6
WS0465,2026-05-08,May,Africa,Ghana,Accra,Festival,14000,11510,48,6503,4.6
WS0466,2026-05-22,May,Africa,Ghana,Accra,Stadium Show,27100,21530,78,0,4.4
WS0467,2026-06-08,Jun,Africa,Ghana,Accra,Stadium Show,31300,24030,76,17343,4.4
WS0468,2026-06-22,Jun,Africa,Ghana,Accra,Festival,16300,14640,52,15030,4.8
WS0469,2026-07-08,Jul,Africa,Ghana,Accra,Festival,15200,12040,50,15930,4.5
WS0470,2026-07-22,Jul,Africa,Ghana,Accra,Stadium Show,27100,22220,73,21722,4.6
WS0471,2026-08-08,Aug,Africa,Ghana,Accra,Stadium Show,29400,26130,71,29795,4.6
WS0472,2026-08-22,Aug,Africa,Ghana,Accra,Festival,14400,12960,52,10834,4.6
WS0473,2026-09-08,Sep,Africa,Ghana,Accra,Festival,15900,12690,55,10427,4.3
WS0474,2026-09-22,Sep,Africa,Ghana,Accra,Stadium Show,28600,22260,72,21673,4.4
WS0475,2026-10-08,Oct,Africa,Ghana,Accra,Stadium Show,33800,25270,67,20987,
WS0476,2026-10-22,Oct,Africa,Ghana,Accra,Festival,15700,11970,59,12757,4.3
WS0477,2026-11-08,Nov,Africa,Ghana,Accra,Festival,15100,11500,56,9154,
WS0478,2026-11-22,Nov,Africa,Ghana,Accra,Stadium Show,32000,26570,78,0,4.3
WS0479,2026-12-08,Dec,Africa,Ghana,Accra,Stadium Show,29100,22490,73,16396,4.7
WS0480,2026-12-22,Dec,Africa,Ghana,Accra,Festival,15800,12330,49,11529,4.5
